output_speed_rpm,output_speed_rad_s,peak_envelope_nm,gp_mean_unconstrained_nm,gp_std_nm,gp_lower95_nm,gp_upper95_nm,point_source
0,0,120,120,0,120,120,Manufacturer peak plateau extrapolation
0.5,0.0523598775598299,120,120,0,120,120,Manufacturer peak plateau extrapolation
1,0.10471975511966,120,120,0,120,120,Manufacturer peak plateau extrapolation
1.5,0.15707963267949,120,120,0,120,120,Manufacturer peak plateau extrapolation
2,0.20943951023932,120,120,0,120,120,Manufacturer peak plateau extrapolation
2.5,0.261799387799149,120,120,0,120,120,Manufacturer peak plateau extrapolation
3,0.314159265358979,120,120,0,120,120,Manufacturer peak plateau extrapolation
3.5,0.366519142918809,120,120,0,120,120,Manufacturer peak plateau extrapolation
4,0.418879020478639,120,120,0,120,120,Manufacturer peak plateau extrapolation
4.5,0.471238898038469,120,120,0,120,120,Manufacturer peak plateau extrapolation
5,0.523598775598299,120,120,0,120,120,Manufacturer peak plateau extrapolation
5.5,0.575958653158129,120,120,0,120,120,Manufacturer peak plateau extrapolation
6,0.628318530717959,120,120,0,120,120,Manufacturer peak plateau extrapolation
6.5,0.680678408277788,120,120,0,120,120,Manufacturer peak plateau extrapolation
7,0.733038285837618,120,120,0,120,120,Manufacturer peak plateau extrapolation
7.5,0.785398163397448,120,120,0,120,120,Manufacturer peak plateau extrapolation
8,0.837758040957278,120,120,0,120,120,Manufacturer peak plateau extrapolation
8.5,0.890117918517108,120,120,0,120,120,Manufacturer peak plateau extrapolation
9,0.942477796076938,120,120,0,120,120,Manufacturer peak plateau extrapolation
9.5,0.994837673636768,120,120,0,120,120,Manufacturer peak plateau extrapolation
10,1.0471975511966,120,120,0,120,120,Manufacturer peak plateau extrapolation
10.5,1.09955742875643,120,120,0,120,120,Manufacturer peak plateau extrapolation
11,1.15191730631626,120,120,0,120,120,Manufacturer peak plateau extrapolation
11.5,1.20427718387609,120,120,0,120,120,Manufacturer peak plateau extrapolation
12,1.25663706143592,120,120,0,120,120,Manufacturer peak plateau extrapolation
12.5,1.30899693899575,120,120,0,120,120,Manufacturer peak plateau extrapolation
13,1.36135681655558,120,120,0,120,120,Manufacturer peak plateau extrapolation
13.5,1.41371669411541,120,120,0,120,120,Manufacturer peak plateau extrapolation
14,1.46607657167524,120,120,0,120,120,Manufacturer peak plateau extrapolation
14.5,1.51843644923507,120,120,0,120,120,Manufacturer peak plateau extrapolation
15,1.5707963267949,120,120,0,120,120,Manufacturer peak plateau extrapolation
15.5,1.62315620435473,120,120,0,120,120,Manufacturer peak plateau extrapolation
16,1.67551608191456,120,120,0,120,120,Manufacturer peak plateau extrapolation
16.5,1.72787595947439,120,120,0,120,120,Manufacturer peak plateau extrapolation
17,1.78023583703422,120,120,0,120,120,Manufacturer peak plateau extrapolation
17.5,1.83259571459405,120,120,0,120,120,Manufacturer peak plateau extrapolation
18,1.88495559215388,120,120,0,120,120,Manufacturer peak plateau extrapolation
18.5,1.93731546971371,120,120,0,120,120,Manufacturer peak plateau extrapolation
19,1.98967534727354,120,120,0,120,120,Manufacturer peak plateau extrapolation
19.5,2.04203522483337,120,120,0,120,120,Manufacturer peak plateau extrapolation
20,2.0943951023932,120,120,0,120,120,Manufacturer peak plateau extrapolation
20.5,2.14675497995302,120,120,0,120,120,Manufacturer peak plateau extrapolation
21,2.19911485751286,120,120,0,120,120,Manufacturer peak plateau extrapolation
21.5,2.25147473507268,120,120,0,120,120,Manufacturer peak plateau extrapolation
22,2.30383461263251,120,120,0,120,120,Manufacturer peak plateau extrapolation
22.5,2.35619449019234,120,120,0,120,120,Manufacturer peak plateau extrapolation
23,2.40855436775217,120,120,0,120,120,Manufacturer peak plateau extrapolation
23.5,2.460914245312,120,120,0,120,120,Manufacturer peak plateau extrapolation
24,2.51327412287183,120,120,0,120,120,Manufacturer peak plateau extrapolation
24.5,2.56563400043166,120,120,0,120,120,Manufacturer peak plateau extrapolation
25,2.61799387799149,120,120,0,120,120,Manufacturer peak plateau extrapolation
25.5,2.67035375555132,120,120,0,120,120,Manufacturer peak plateau extrapolation
26,2.72271363311115,120,120,0,120,120,Manufacturer peak plateau extrapolation
26.5,2.77507351067098,120,120,0,120,120,Manufacturer peak plateau extrapolation
27,2.82743338823081,120,120,0,120,120,Manufacturer peak plateau extrapolation
27.5,2.87979326579064,120,120,0,120,120,Manufacturer peak plateau extrapolation
28,2.93215314335047,120,120,0,120,120,Manufacturer peak plateau extrapolation
28.5,2.9845130209103,120,120,0,120,120,Manufacturer peak plateau extrapolation
29,3.03687289847013,120,120,0,120,120,Manufacturer peak plateau extrapolation
29.5,3.08923277602996,120,120,0,120,120,Manufacturer peak plateau extrapolation
30,3.14159265358979,120,120,0,120,120,Manufacturer peak plateau extrapolation
30.5,3.19395253114962,120,120,0,120,120,Manufacturer peak plateau extrapolation
31,3.24631240870945,120,120,0,120,120,Manufacturer peak plateau extrapolation
31.5,3.29867228626928,120,120,0,120,120,Manufacturer peak plateau extrapolation
32,3.35103216382911,120,120,0,120,120,Manufacturer peak plateau extrapolation
32.5,3.40339204138894,120,120,0,120,120,Manufacturer peak plateau extrapolation
33,3.45575191894877,120,120,0,120,120,Manufacturer peak plateau extrapolation
33.5,3.5081117965086,120,120,0,120,120,Manufacturer peak plateau extrapolation
34,3.56047167406843,120,120,0,120,120,Manufacturer peak plateau extrapolation
34.5,3.61283155162826,120,120,0,120,120,Manufacturer peak plateau extrapolation
35,3.66519142918809,120,120,0,120,120,Manufacturer peak plateau extrapolation
35.5,3.71755130674792,120,120,0,120,120,Manufacturer peak plateau extrapolation
36,3.76991118430775,120,120,0,120,120,Manufacturer peak plateau extrapolation
36.5,3.82227106186758,120,120,0,120,120,Manufacturer peak plateau extrapolation
37,3.87463093942741,120,120,0,120,120,Manufacturer peak plateau extrapolation
37.5,3.92699081698724,120,120,0,120,120,Manufacturer peak plateau extrapolation
38,3.97935069454707,120,120,0,120,120,Manufacturer peak plateau extrapolation
38.5,4.0317105721069,120,120,0,120,120,Manufacturer peak plateau extrapolation
39,4.08407044966673,120,120,0,120,120,Manufacturer peak plateau extrapolation
39.5,4.13643032722656,120,120,0,120,120,Manufacturer peak plateau extrapolation
40,4.18879020478639,120,120,0,120,120,Manufacturer peak plateau extrapolation
40.5,4.24115008234622,120,120,0,120,120,Manufacturer peak plateau extrapolation
41,4.29350995990605,120,120,0,120,120,Manufacturer peak plateau extrapolation
41.5,4.34586983746588,120,120,0,120,120,Manufacturer peak plateau extrapolation
42,4.39822971502571,120,120,0,120,120,Manufacturer peak plateau extrapolation
42.5,4.45058959258554,120,120,0,120,120,Manufacturer peak plateau extrapolation
43,4.50294947014537,120,120,0,120,120,Manufacturer peak plateau extrapolation
43.5,4.5553093477052,120,120,0,120,120,Manufacturer peak plateau extrapolation
44,4.60766922526503,120,120,0,120,120,Manufacturer peak plateau extrapolation
44.5,4.66002910282486,120,120,0,120,120,Manufacturer peak plateau extrapolation
45,4.71238898038469,120,120,0,120,120,Manufacturer peak plateau extrapolation
45.5,4.76474885794452,120,120,0,120,120,Manufacturer peak plateau extrapolation
46,4.81710873550435,120,120,0,120,120,Manufacturer peak plateau extrapolation
46.5,4.86946861306418,120,120,0,120,120,Manufacturer peak plateau extrapolation
47,4.92182849062401,120,120,0,120,120,Manufacturer peak plateau extrapolation
47.5,4.97418836818384,120,120,0,120,120,Manufacturer peak plateau extrapolation
48,5.02654824574367,120,120,0,120,120,Manufacturer peak plateau extrapolation
48.5,5.0789081233035,120,120,0,120,120,Manufacturer peak plateau extrapolation
49,5.13126800086333,120,120,0,120,120,Manufacturer peak plateau extrapolation
49.5,5.18362787842316,120,120,0,120,120,Manufacturer peak plateau extrapolation
50,5.23598775598299,120,120,0,120,120,Manufacturer peak plateau extrapolation
50.5,5.28834763354282,120,120,0,120,120,Manufacturer peak plateau extrapolation
51,5.34070751110265,120,120,0,120,120,Manufacturer peak plateau extrapolation
51.5,5.39306738866248,120,120,0,120,120,Manufacturer peak plateau extrapolation
52,5.44542726622231,120,120,0,120,120,Manufacturer peak plateau extrapolation
52.5,5.49778714378214,120,120,0,120,120,Manufacturer peak plateau extrapolation
53,5.55014702134197,120,120,0,120,120,Manufacturer peak plateau extrapolation
53.5,5.6025068989018,120,120,0,120,120,Manufacturer peak plateau extrapolation
54,5.65486677646163,120,120,0,120,120,Manufacturer peak plateau extrapolation
54.5,5.70722665402146,120,120,0,120,120,Manufacturer peak plateau extrapolation
55,5.75958653158129,120,120,0,120,120,Manufacturer peak plateau extrapolation
55.5,5.81194640914112,120,120,0,120,120,Manufacturer peak plateau extrapolation
56,5.86430628670095,120,120,0,120,120,Manufacturer peak plateau extrapolation
56.5,5.91666616426078,120,120,0,120,120,Manufacturer peak plateau extrapolation
57,5.96902604182061,120,120,0,120,120,Manufacturer peak plateau extrapolation
57.5,6.02138591938044,120,120,0,120,120,Manufacturer peak plateau extrapolation
58,6.07374579694027,120,120,0,120,120,Manufacturer peak plateau extrapolation
58.5,6.1261056745001,120,120,0,120,120,Manufacturer peak plateau extrapolation
59,6.17846555205993,120,120,0,120,120,Manufacturer peak plateau extrapolation
59.5,6.23082542961976,120,120,0,120,120,Manufacturer peak plateau extrapolation
60,6.28318530717959,120,120,0,120,120,Manufacturer peak plateau extrapolation
60.5,6.33554518473942,120,120,0,120,120,Manufacturer peak plateau extrapolation
61,6.38790506229925,120,120,0,120,120,Manufacturer peak plateau extrapolation
61.5,6.44026493985908,120,120,0,120,120,Manufacturer peak plateau extrapolation
62,6.49262481741891,120,120,0,120,120,Manufacturer peak plateau extrapolation
62.5,6.54498469497874,120,120,0,120,120,Manufacturer peak plateau extrapolation
63,6.59734457253857,120,120,0,120,120,Manufacturer peak plateau extrapolation
63.5,6.64970445009839,120,120,0,120,120,Manufacturer peak plateau extrapolation
64,6.70206432765823,120,120,0,120,120,Manufacturer peak plateau extrapolation
64.5,6.75442420521806,120,120,0,120,120,Manufacturer peak plateau extrapolation
65,6.80678408277788,120,120,0,120,120,Manufacturer peak plateau extrapolation
65.5,6.85914396033771,120,120,0,120,120,Manufacturer peak plateau extrapolation
66,6.91150383789754,120,120,0,120,120,Manufacturer peak plateau extrapolation
66.5,6.96386371545737,120,120,0,120,120,Manufacturer peak plateau extrapolation
67,7.0162235930172,120,120,0,120,120,Manufacturer peak plateau extrapolation
67.5,7.06858347057703,120,120,0,120,120,Manufacturer peak plateau extrapolation
68,7.12094334813686,120,120,0,120,120,Manufacturer peak plateau extrapolation
68.5,7.17330322569669,120,120,0,120,120,Manufacturer peak plateau extrapolation
69,7.22566310325652,120,120,0,120,120,Manufacturer peak plateau extrapolation
69.5,7.27802298081635,120,120,0,120,120,Manufacturer peak plateau extrapolation
70,7.33038285837618,120,120,0,120,120,Manufacturer peak plateau extrapolation
70.5,7.38274273593601,120,120,0,120,120,Manufacturer peak plateau extrapolation
71,7.43510261349584,120,120,0,120,120,Manufacturer peak plateau extrapolation
71.5,7.48746249105567,120,120,0,120,120,Manufacturer peak plateau extrapolation
72,7.5398223686155,120,120,0,120,120,Manufacturer peak plateau extrapolation
72.5,7.59218224617533,120,120,0,120,120,Manufacturer peak plateau extrapolation
73,7.64454212373516,120,120,0,120,120,Manufacturer peak plateau extrapolation
73.5,7.69690200129499,120,120,0,120,120,Manufacturer peak plateau extrapolation
74,7.74926187885482,120,120,0,120,120,Manufacturer peak plateau extrapolation
74.5,7.80162175641465,120,120,0,120,120,Manufacturer peak plateau extrapolation
75,7.85398163397448,120,120,0,120,120,Manufacturer peak plateau extrapolation
75.5,7.90634151153431,120,120,0,120,120,Manufacturer peak plateau extrapolation
76,7.95870138909414,120,120,0,120,120,Manufacturer peak plateau extrapolation
76.5,8.01106126665397,120,120,0,120,120,Manufacturer peak plateau extrapolation
77,8.0634211442138,120,120,0,120,120,Manufacturer peak plateau extrapolation
77.5,8.11578102177363,120,120,0,120,120,Manufacturer peak plateau extrapolation
78,8.16814089933346,120,120,0,120,120,Manufacturer peak plateau extrapolation
78.5,8.22050077689329,120,120,0,120,120,Manufacturer peak plateau extrapolation
79,8.27286065445312,120,120,0,120,120,Manufacturer peak plateau extrapolation
79.5,8.32522053201295,120,120,0,120,120,Manufacturer peak plateau extrapolation
80,8.37758040957278,120,120,0,120,120,Manufacturer peak plateau extrapolation
80.5,8.42994028713261,120,120,0,120,120,Manufacturer peak plateau extrapolation
81,8.48230016469244,120,120,0,120,120,Manufacturer peak plateau extrapolation
81.5,8.53466004225227,120,120,0,120,120,Manufacturer peak plateau extrapolation
82,8.5870199198121,120,120,0,120,120,Manufacturer peak plateau extrapolation
82.5,8.63937979737193,120,120,0,120,120,Manufacturer peak plateau extrapolation
83,8.69173967493176,120,120,0,120,120,Manufacturer peak plateau extrapolation
83.5,8.74409955249159,120,120,0,120,120,Manufacturer peak plateau extrapolation
84,8.79645943005142,120,120,0,120,120,Manufacturer peak plateau extrapolation
84.5,8.84881930761125,120,120,0,120,120,Manufacturer peak plateau extrapolation
85,8.90117918517108,120,120,0,120,120,Manufacturer peak plateau extrapolation
85.5,8.95353906273091,120,120,0,120,120,Manufacturer peak plateau extrapolation
86,9.00589894029074,120,120,0,120,120,Manufacturer peak plateau extrapolation
86.5,9.05825881785057,120,120,0,120,120,Manufacturer peak plateau extrapolation
87,9.1106186954104,120,120,0,120,120,Manufacturer peak plateau extrapolation
87.5,9.16297857297023,120,120,0,120,120,Manufacturer peak plateau extrapolation
88,9.21533845053006,120,120,0,120,120,Manufacturer peak plateau extrapolation
88.5,9.26769832808989,120,120,0,120,120,Manufacturer peak plateau extrapolation
89,9.32005820564972,120,120,0,120,120,Manufacturer peak plateau extrapolation
89.5,9.37241808320955,120,120,0,120,120,Manufacturer peak plateau extrapolation
90,9.42477796076938,120,120,0,120,120,Manufacturer peak plateau extrapolation
90.5,9.47713783832921,120,120,0,120,120,Manufacturer peak plateau extrapolation
91,9.52949771588904,120,120,0,120,120,Manufacturer peak plateau extrapolation
91.5,9.58185759344887,120,120,0,120,120,Manufacturer peak plateau extrapolation
92,9.6342174710087,120,120,0,120,120,Manufacturer peak plateau extrapolation
92.5,9.68657734856853,120,120,0,120,120,Manufacturer peak plateau extrapolation
93,9.73893722612836,120,120,0,120,120,Manufacturer peak plateau extrapolation
93.5,9.79129710368819,120,120,0,120,120,Manufacturer peak plateau extrapolation
94,9.84365698124802,120,120,0,120,120,Manufacturer peak plateau extrapolation
94.5,9.89601685880785,120,120,0,120,120,Manufacturer peak plateau extrapolation
94.801,9.92753750509887,120,120.002456618303,0.166051778699489,120,120,GP fitted to digitized manufacturer curve
95,9.94837673636768,119.998654219929,119.998654219929,0.157155946860124,119.690628564083,120,GP fitted to digitized manufacturer curve
95.035,9.95204192779687,119.996600929357,119.996600929357,0.165687866888464,119.671852710255,120,GP fitted to digitized manufacturer curve
95.5,10.0007366139275,119.927446374705,119.927446374705,0.449470378317972,119.046484433202,120,GP fitted to digitized manufacturer curve
96,10.0530964914873,119.773630967106,119.773630967106,0.826652257685451,118.153392542042,120,GP fitted to digitized manufacturer curve
96.5,10.1054563690472,119.548701005099,119.548701005099,1.15365556382689,117.287536099999,120,GP fitted to digitized manufacturer curve
97,10.157816246607,119.263862420609,119.263862420609,1.38349181430526,116.552218464571,120,GP fitted to digitized manufacturer curve
97.5,10.2101761241668,118.930061600153,118.930061600153,1.48961646658469,116.010413325647,120,GP fitted to digitized manufacturer curve
98,10.2625360017267,118.558015884123,118.558015884123,1.45749862201176,115.70131858498,120,GP fitted to digitized manufacturer curve
98.5,10.3148958792865,118.158243530777,118.158243530777,1.28205951071865,115.645406889768,120,GP fitted to digitized manufacturer curve
99,10.3672557568463,117.741093206896,117.741093206896,0.967320179877979,115.845145654335,119.637040759456,GP fitted to digitized manufacturer curve
99.5,10.4196156344061,117.316773066144,117.316773066144,0.530967806333714,116.27607616573,118.357469966558,GP fitted to digitized manufacturer curve
99.953,10.4670536834754,116.934594469617,116.934594469617,0.169663966693248,116.602053094898,117.267135844335,GP fitted to digitized manufacturer curve
100,10.471975511966,116.8953779647,116.8953779647,0.178786719632869,116.54495599422,117.245799935181,GP fitted to digitized manufacturer curve
100.5,10.5243353895258,116.484543730172,116.484543730172,0.633959371283438,115.241983362456,117.727104097887,GP fitted to digitized manufacturer curve
101,10.5766952670856,116.084659560804,116.084659560804,1.0829849414209,113.962009075619,118.207310045989,GP fitted to digitized manufacturer curve
101.5,10.6290551446455,115.694702127928,115.694702127928,1.42075915894198,112.910014176401,118.479390079454,GP fitted to digitized manufacturer curve
102,10.6814150222053,115.313586220949,115.313586220949,1.62777510309071,112.123147018891,118.504025423007,GP fitted to digitized manufacturer curve
102.5,10.7337748997651,114.940162507162,114.940162507162,1.6943802553598,111.619177206657,118.261147807667,GP fitted to digitized manufacturer curve
103,10.786134777325,114.573215099472,114.573215099472,1.61727494436809,111.40335620851,117.743073990433,GP fitted to digitized manufacturer curve
103.5,10.8384946548848,114.211458927506,114.211458927506,1.39897318024475,111.469471494227,116.953446360786,GP fitted to digitized manufacturer curve
104,10.8908545324446,113.853536907213,113.853536907213,1.04836438043974,111.798742721551,115.908331092875,GP fitted to digitized manufacturer curve
104.5,10.9432144100044,113.498016903587,113.498016903587,0.584975339707406,112.351465237761,114.644568569414,GP fitted to digitized manufacturer curve
104.988,10.9943176505028,113.151901237746,113.151901237746,0.169670969868087,112.819346136804,113.484456338687,GP fitted to digitized manufacturer curve
105,10.9955742875643,113.143388484948,113.143388484948,0.170309434744683,112.809581992848,113.477194977047,GP fitted to digitized manufacturer curve
105.5,11.0479341651241,112.788383915389,112.788383915389,0.609837804755332,111.593101818069,113.98366601271,GP fitted to digitized manufacturer curve
106,11.1002940426839,112.432858798577,112.432858798577,1.07031236088251,110.335046571248,114.530671025907,GP fitted to digitized manufacturer curve
106.5,11.1526539202438,112.076865385959,112.076865385959,1.41737644515546,109.298807553454,114.854923218464,GP fitted to digitized manufacturer curve
107,11.2050137978036,111.720372432261,111.720372432261,1.63201476476113,108.521623493329,114.919121371193,GP fitted to digitized manufacturer curve
107.5,11.2573736753634,111.3632657769,111.3632657769,1.70525686244714,108.020962326503,114.705569227296,GP fitted to digitized manufacturer curve
108,11.3097335529233,111.005348699341,111.005348699341,1.63431699244436,107.80208739415,114.208610004532,GP fitted to digitized manufacturer curve
108.5,11.3620934304831,110.646342049611,110.646342049611,1.42205405951001,107.859116092971,113.43356800625,GP fitted to digitized manufacturer curve
109,11.4144533080429,110.285884154664,110.285884154664,1.07750080015716,108.173982586356,112.397785722972,GP fitted to digitized manufacturer curve
109.5,11.4668131856027,109.923530500902,109.923530500902,0.619572902823218,108.709167611368,111.137893390435,GP fitted to digitized manufacturer curve
110,11.5191730631626,109.558753192615,109.558753192615,0.171987118062238,109.221658441213,109.895847944017,GP fitted to digitized manufacturer curve
110.023,11.5215816175303,109.541905417484,109.541905417484,0.169670505638912,109.209351226432,109.874459608537,GP fitted to digitized manufacturer curve
110.5,11.5715329407224,109.191191459776,109.191191459776,0.571103649670083,108.071828306423,110.310554613129,GP fitted to digitized manufacturer curve
111,11.6238928182822,108.82155427215,108.82155427215,1.03152714915574,106.799761059805,110.843347484495,GP fitted to digitized manufacturer curve
111.5,11.6762526958421,108.450799877453,108.450799877453,1.37758590698213,105.750731499768,111.150868255138,GP fitted to digitized manufacturer curve
112,11.7286125734019,108.079808044114,108.079808044114,1.58917484169233,104.965025354397,111.194590733831,GP fitted to digitized manufacturer curve
112.5,11.7809724509617,107.709383136057,107.709383136057,1.65712528534024,104.46141757679,110.957348695324,GP fitted to digitized manufacturer curve
113,11.8333323285216,107.340257009689,107.340257009689,1.57871163110262,104.245982212728,110.434531806651,GP fitted to digitized manufacturer curve
113.5,11.8856922060814,106.973091711324,106.973091711324,1.35707818409165,104.313218470505,109.632964952144,GP fitted to digitized manufacturer curve
114,11.9380520836412,106.608481981075,106.608481981075,1.00192012604141,104.644718534034,108.572245428117,GP fitted to digitized manufacturer curve
114.5,11.990411961201,106.246957568822,106.246957568822,0.534793891892698,105.198761540712,107.295153596932,GP fitted to digitized manufacturer curve
114.941,12.0365933732088,105.931027437634,105.931027437634,0.169670547815546,105.598473163915,106.263581711352,GP fitted to digitized manufacturer curve
115,12.0427718387609,105.88898522956,105.88898522956,0.184230150163511,105.52789413524,106.250076323881,GP fitted to digitized manufacturer curve
115.5,12.0951317163207,105.534854045225,105.534854045225,0.655711944107127,104.249658634775,106.820049455675,GP fitted to digitized manufacturer curve
116,12.1474915938805,105.184464396158,105.184464396158,1.10681040339391,103.015116005506,107.35381278681,GP fitted to digitized manufacturer curve
116.5,12.1998514714404,104.837600011711,104.837600011711,1.44261518635303,102.010074246459,107.665125776963,GP fitted to digitized manufacturer curve
117,12.2522113490002,104.493985636471,104.493985636471,1.64528644494539,101.269224204378,107.718747068564,GP fitted to digitized manufacturer curve
117.5,12.30457122656,104.153286926587,104.153286926587,1.70625153804551,100.809033912018,107.497539941156,GP fitted to digitized manufacturer curve
118,12.3569311041199,103.815110178259,103.815110178259,1.62301268075015,100.634005323989,106.996215032529,GP fitted to digitized manufacturer curve
118.5,12.4092909816797,103.479001888261,103.479001888261,1.3987012105042,100.737547515673,106.220456260849,GP fitted to digitized manufacturer curve
119,12.4616508592395,103.144448146045,103.144448146045,1.04270527483661,101.100745807366,105.188150484725,GP fitted to digitized manufacturer curve
119.5,12.5140107367993,102.810873856601,102.810873856601,0.575162388815742,101.683555574522,103.93819213868,GP fitted to digitized manufacturer curve
119.977,12.5639620599914,102.492972730542,102.492972730542,0.169671501733948,102.160416587143,102.82552887394,GP fitted to digitized manufacturer curve
120,12.5663706143592,102.477641801032,102.477641801032,0.172002136695481,102.140517613109,102.814765988956,GP fitted to digitized manufacturer curve
120.5,12.618730491919,102.144146970064,102.144146970064,0.621888731394297,100.925245056531,103.363048883597,GP fitted to digitized manufacturer curve
121,12.6710903694788,101.810052840811,101.810052840811,1.08103275040913,99.6912286500096,103.928877031613,GP fitted to digitized manufacturer curve
121.5,12.7234502470387,101.475030756409,101.475030756409,1.42601489089024,98.6800415702639,104.270019942554,GP fitted to digitized manufacturer curve
122,12.7758101245985,101.138687206413,101.138687206413,1.63821731534745,97.9277812683315,104.349593144494,GP fitted to digitized manufacturer curve
122.5,12.8281700021583,100.800563377225,100.800563377225,1.70880304718671,97.4513094047395,104.149817349711,GP fitted to digitized manufacturer curve
123,12.8805298797182,100.460134526225,100.460134526225,1.6350408710095,97.2554544190459,103.664814633403,GP fitted to digitized manufacturer curve
123.5,12.932889757278,100.116809178747,100.116809178747,1.41978908284692,97.3340225763671,102.899595781127,GP fitted to digitized manufacturer curve
124,12.9852496348378,99.769928146714,99.769928146714,1.07203960353949,97.6687305237766,101.871125769651,GP fitted to digitized manufacturer curve
124.5,13.0376095123976,99.4187633673165,99.4187633673165,0.610771722649565,98.2216507909234,100.61587594371,GP fitted to digitized manufacturer curve
125,13.0899693899575,99.0625165598209,99.0625165598209,0.170310903263965,98.7287071894235,99.3963259302183,GP fitted to digitized manufacturer curve
125.012,13.0912260270189,99.0538971228495,99.0538971228495,0.169671493901171,98.7213409948032,99.3864532508958,GP fitted to digitized manufacturer curve
125.5,13.1423292675173,98.7006103576124,98.7006103576124,0.58631241665311,97.5514380209723,99.8497826942525,GP fitted to digitized manufacturer curve
126,13.1946891450771,98.3336529782236,98.3336529782236,1.0517461227923,96.2722305775507,100.395075378897,GP fitted to digitized manufacturer curve
126.5,13.247049022637,97.9625203078652,97.9625203078652,1.40491452729675,95.2088878343636,100.716152781367,GP fitted to digitized manufacturer curve
127,13.2994089001968,97.588021006882,97.588021006882,1.62608575905659,94.4008929191311,100.775149094633,GP fitted to digitized manufacturer curve
127.5,13.3517687777566,97.2108994144104,97.2108994144104,1.70603136557916,93.8670779378753,100.554720890946,GP fitted to digitized manufacturer curve
128,13.4041286553165,96.8318382876068,96.8318382876068,1.64175039277844,93.614007517761,100.049669057452,GP fitted to digitized manufacturer curve
128.5,13.4564885328763,96.4514613772191,96.4514613772191,1.43587210023909,93.6371520607505,99.2657706936877,GP fitted to digitized manufacturer curve
129,13.5088484104361,96.0703358452548,96.0703358452548,1.09712951208209,93.9199620015739,98.2207096889357,GP fitted to digitized manufacturer curve
129.5,13.5612082879959,95.6889745302026,95.6889745302026,0.64371373511173,94.4272956093836,96.9506534510216,GP fitted to digitized manufacturer curve
130,13.6135681655558,95.3078380649557,95.3078380649557,0.179076422563087,94.956848276732,95.6588278531794,GP fitted to digitized manufacturer curve
130.047,13.6184899940464,95.2720379266708,95.2720379266708,0.169670540979751,94.9394836663505,95.6045921869911,GP fitted to digitized manufacturer curve
130.5,13.6659280431156,94.9272505512871,94.9272505512871,0.546931999312508,93.8552638326346,95.9992372699396,GP fitted to digitized manufacturer curve
131,13.7182879206754,94.5470290672846,94.5470290672846,1.01186940338497,92.5637650366501,96.5302930979192,GP fitted to digitized manufacturer curve
131.5,13.7706477982353,94.1667907085594,94.1667907085594,1.36401072847108,91.4933296807561,96.8402517363628,GP fitted to digitized manufacturer curve
132,13.8230076757951,93.7861037218716,93.7861037218716,1.58230650397687,90.6847829740769,96.8874244696662,GP fitted to digitized manufacturer curve
132.5,13.8753675533549,93.4044871319438,93.4044871319438,1.65723866871999,90.1562993412527,96.652674922635,GP fitted to digitized manufacturer curve
133,13.9277274309147,93.0214101380037,93.0214101380037,1.5858020807814,89.9132380596721,96.1295822163352,GP fitted to digitized manufacturer curve
133.5,13.9800873084746,92.6362913756632,92.6362913756632,1.37086042953284,89.9494049337789,95.3231778175476,GP fitted to digitized manufacturer curve
134,14.0324471860344,92.2484980431217,92.2484980431217,1.02175424337984,90.2458597260972,94.2511363601462,GP fitted to digitized manufacturer curve
134.5,14.0848070635942,91.8573448903825,91.8573448903825,0.559047324271252,90.7616121348109,92.9530776459542,GP fitted to digitized manufacturer curve
134.965,14.1335017497249,91.489910418183,91.489910418183,0.169670534403932,91.1573561707513,91.8224646656147,GP fitted to digitized manufacturer curve
135,14.1371669411541,91.4620931639097,91.4620931639097,0.174967320739036,91.1191572152611,91.8050291125582,GP fitted to digitized manufacturer curve
135.5,14.1895268187139,91.0622846438036,91.0622846438036,0.631695438921887,89.8241615835167,92.3004077040905,GP fitted to digitized manufacturer curve
136,14.2418866962737,90.6584945000007,90.6584945000007,1.08743363093532,88.5271245833675,92.7898644166339,GP fitted to digitized manufacturer curve
136.5,14.2942465738336,90.2514652991804,90.2514652991804,1.42915344495787,87.4503245470629,93.0526060512978,GP fitted to digitized manufacturer curve
137,14.3466064513934,89.8418893198808,89.8418893198808,1.63830220393998,86.6308170001584,93.0529616396031,GP fitted to digitized manufacturer curve
137.5,14.3989663289532,89.4304112101623,89.4304112101623,1.70598819217492,86.0866743534995,92.7741480668252,GP fitted to digitized manufacturer curve
138,14.451326206513,89.0176305196507,89.0176305196507,1.62945412562179,85.8239004334319,92.2113606058694,GP fitted to digitized manufacturer curve
138.5,14.5036860840729,88.604104111691,88.604104111691,1.41157517517529,85.8374167683475,91.3707914550346,GP fitted to digitized manufacturer curve
139,14.5560459616327,88.1903484610848,88.1903484610848,1.0614255290419,86.1099544241627,90.2707424980069,GP fitted to digitized manufacturer curve
139.5,14.6084058391925,87.776841842668,87.776841842668,0.598335399088436,86.6041044604547,88.9495792248813,GP fitted to digitized manufacturer curve
140,14.6607657167524,87.364026415733,87.364026415733,0.169671393111581,87.0314704852343,87.6965823462317,GP fitted to digitized manufacturer curve
140.5,14.7131255943122,86.9522293815405,86.9522293815405,0.598335351062719,85.7794920934576,88.1249666696234,GP fitted to digitized manufacturer curve
141,14.765485471872,86.5414221253908,86.5414221253908,1.06142535131488,84.4610284368136,88.6218158139679,GP fitted to digitized manufacturer curve
141.5,14.8178453494319,86.1314634368137,86.1314634368137,1.41157480402468,83.3647768209254,88.8981500527021,GP fitted to digitized manufacturer curve
142,14.8702052269917,85.7221807202294,85.7221807202294,1.62945352279223,82.5284518155566,88.9159096249022,GP fitted to digitized manufacturer curve
142.5,14.9225651045515,85.3133702905075,85.3133702905075,1.70598735265924,81.9696350792954,88.6571055017196,GP fitted to digitized manufacturer curve
143,14.9749249821113,84.904797582171,84.904797582171,1.63830116588966,81.6937272970273,88.1158678673147,GP fitted to digitized manufacturer curve
143.5,15.0272848596712,84.4961972731513,84.4961972731513,1.42915230275933,81.695058759743,87.2973357865596,GP fitted to digitized manufacturer curve
144,15.079644737231,84.0872733239316,84.0872733239316,1.08743255355541,81.955905518963,86.2186411289002,GP fitted to digitized manufacturer curve
144.5,15.1320046147908,83.6776989326296,83.6776989326296,0.63169469972905,82.4395773211606,84.9158205440985,GP fitted to digitized manufacturer curve
145,15.1843644923507,83.2671164064912,83.2671164064912,0.17496730906609,82.9241804807216,83.6100523322607,GP fitted to digitized manufacturer curve
145.035,15.1880296837799,83.2383280161957,83.2383280161957,0.169670533900059,82.9057737697515,83.5708822626398,GP fitted to digitized manufacturer curve
145.5,15.2367243699105,82.8543296535161,82.8543296535161,0.559046047752771,81.7585993999207,83.9500599071115,GP fitted to digitized manufacturer curve
146,15.2890842474703,82.434122216063,82.434122216063,1.02175075765023,80.4314907310685,84.4367537010574,GP fitted to digitized manufacturer curve
146.5,15.3414441250302,82.0000023327835,82.0000023327835,1.37085408609109,79.3131283240449,84.686876341522,GP fitted to digitized manufacturer curve
147,15.39380400259,81.5454137997387,81.5454137997387,1.58579250446618,78.437260490985,84.6535671084924,GP fitted to digitized manufacturer curve
147.5,15.4461638801498,81.0637191803612,81.0637191803612,1.65722591008508,77.8155563965945,84.311881964128,GP fitted to digitized manufacturer curve
148,15.4985237577096,80.5481824871929,80.5481824871929,1.58229121085919,77.4468917139089,83.6494732604769,GP fitted to digitized manufacturer curve
148.5,15.5508836352695,79.9919516446046,79.9919516446046,1.36399436109361,77.3185226968611,82.6653805923481,GP fitted to digitized manufacturer curve
149,15.6032435128293,79.3880406971386,79.3880406971386,1.01185452959679,77.4048058191289,81.3712755751483,GP fitted to digitized manufacturer curve
149.5,15.6556033903891,78.7293117275939,78.7293117275939,0.546922785738292,77.6573430675468,79.8012803876409,GP fitted to digitized manufacturer curve
149.953,15.7030414394583,78.0790636595792,78.0790636595792,0.169670533894698,77.7465094131456,78.4116179060128,GP fitted to digitized manufacturer curve
150,15.707963267949,78.008458827778,78.008458827778,0.179075854329316,77.6574701532925,78.3594475022634,GP fitted to digitized manufacturer curve
150.5,15.7603231455088,77.2217288385217,77.2217288385217,0.643691114138427,75.9600942548104,78.483363422233,GP fitted to digitized manufacturer curve
151,15.8126830230686,76.3764874735979,76.3764874735979,1.09707358041392,74.2262232559866,78.5267516912092,GP fitted to digitized manufacturer curve
151.5,15.8650429006285,75.4820546380159,75.4820546380159,1.43577377862613,72.6679380319087,78.2961712441231,GP fitted to digitized manufacturer curve
152,15.9174027781883,74.5476009111364,74.5476009111364,1.64160460493135,71.330055885471,77.7651459368018,GP fitted to digitized manufacturer curve
152.5,15.9697626557481,73.5821743267455,73.5821743267455,1.70583913354111,70.2387296250049,76.925619028486,GP fitted to digitized manufacturer curve
153,16.0221225333079,72.5947268926375,72.5947268926375,1.62585659459081,69.4080479672395,75.7814058180355,GP fitted to digitized manufacturer curve
153.5,16.0744824108678,71.5941409053597,71.5941409053597,1.40466943406832,68.8409888145858,74.3472929961336,GP fitted to digitized manufacturer curve
154,16.1268422884276,70.5892551153642,70.5892551153642,1.05152170349637,68.5282725765113,72.6502376542171,GP fitted to digitized manufacturer curve
154.5,16.1792021659874,69.5888907975917,69.5888907975917,0.586167582110927,68.4400023366543,70.7377792585292,GP fitted to digitized manufacturer curve
154.988,16.2303054064858,68.6253414402337,68.6253414402337,0.169671393028496,68.2927855098979,68.9578973705696,GP fitted to digitized manufacturer curve
155,16.2315620435473,68.6018777678059,68.6018777678059,0.170309933267498,68.2680702986016,68.9356852370102,GP fitted to digitized manufacturer curve
155.5,16.2839219211071,67.6359587031418,67.6359587031418,0.6104688994251,66.4394396602686,68.832477746015,GP fitted to digitized manufacturer curve
156,16.3362817986669,66.694757929654,66.694757929654,1.07126196017816,64.5950844877048,68.7944313716032,GP fitted to digitized manufacturer curve
156.5,16.3886416762268,65.7809978391984,65.7809978391984,1.41840261157376,63.0009287205138,68.5610669578829,GP fitted to digitized manufacturer curve
157,16.4410015537866,64.8974794162482,64.8974794162482,1.63296745171771,61.6968632108814,68.0980956216149,GP fitted to digitized manufacturer curve
157.5,16.4933614313464,64.0470916174713,64.0470916174713,1.70605064167028,60.7032323597976,67.3909508751451,GP fitted to digitized manufacturer curve
158,16.5457213089062,63.2328209354668,63.2328209354668,1.6349141454122,60.0283892104589,66.4372526604747,GP fitted to digitized manufacturer curve
158.5,16.5980811864661,62.4577611674279,62.4577611674279,1.42245219022913,59.6697548745788,65.245767460277,GP fitted to digitized manufacturer curve
159,16.6504410640259,61.7251234099011,61.7251234099011,1.07772297044875,59.6127863878215,63.8374604319806,GP fitted to digitized manufacturer curve
159.5,16.7028009415857,61.0382463011815,61.0382463011815,0.619658995775335,59.8237146694618,62.2527779329011,GP fitted to digitized manufacturer curve
160,16.7551608191456,60.4006065333777,60.4006065333777,0.171987826809845,60.0635103928304,60.737702673925,GP fitted to digitized manufacturer curve
160.023,16.7575693735133,60.3725185336603,60.3725185336603,0.169670533132858,60.0399642887199,60.7050727786007,GP fitted to digitized manufacturer curve
160.5,16.8075206967054,59.814452086569,59.814452086569,0.571138173171025,58.6950212671538,60.9338829059842,GP fitted to digitized manufacturer curve
161,16.8598805742652,59.2758594705541,59.2758594705541,1.03157459301469,57.2539732682454,61.2977456728629,GP fitted to digitized manufacturer curve
161.5,16.9122404518251,58.7792365498892,58.7792365498892,1.37762637587745,56.0790888531694,61.479384246609,GP fitted to digitized manufacturer curve
162,16.9646003293849,58.3191232994323,58.3191232994323,1.58919621924174,55.2042987097185,61.4339478891461,GP fitted to digitized manufacturer curve
162.5,17.0169602069447,57.890177942402,57.890177942402,1.65712191211368,54.6422189946592,61.1381368901448,GP fitted to digitized manufacturer curve
163,17.0693200845045,57.4871631893042,57.4871631893042,1.57868384441149,54.3929428542576,60.5813835243507,GP fitted to digitized manufacturer curve
163.5,17.1216799620644,57.104932704507,57.104932704507,1.35703237696263,54.4451492456602,59.7647161633537,GP fitted to digitized manufacturer curve
164,17.1740398396242,56.7384177732408,56.7384177732408,1.0018693408057,54.7747538652616,58.70208168122,GP fitted to digitized manufacturer curve
164.5,17.226399717184,56.3826141421107,56.3826141421107,0.534759374110357,55.3344857688544,57.430742515367,GP fitted to digitized manufacturer curve
164.941,17.2725811291918,56.0737353828402,56.0737353828402,0.169670518869616,55.7411811658557,56.4062895998246,GP fitted to digitized manufacturer curve
165,17.2787595947439,56.0325703368084,56.0325703368084,0.184226625021809,55.6714861517656,56.3936545218511,GP fitted to digitized manufacturer curve
165.5,17.3311194723037,55.6844996214537,55.6844996214537,0.655612972936142,54.3994981944989,56.9695010484086,GP fitted to digitized manufacturer curve
166,17.3834793498635,55.3378196138111,55.3378196138111,1.10656558437978,53.1689510684268,57.5066881591955,GP fitted to digitized manufacturer curve
166.5,17.4358392274234,54.9925313700411,54.9925313700411,1.44218387080682,52.1658509832597,57.8192117568225,GP fitted to digitized manufacturer curve
167,17.4881991049832,54.6486645070503,54.6486645070503,1.64464617485597,51.4251580043326,57.872171009768,GP fitted to digitized manufacturer curve
167.5,17.540558982543,54.3062779304636,54.3062779304636,1.70540712533882,50.9636799647995,57.6488758961277,GP fitted to digitized manufacturer curve
168,17.5929188601028,53.9654606400882,53.9654606400882,1.62200666734635,50.7863275720893,57.144593708087,GP fitted to digitized manufacturer curve
168.5,17.6452787376627,53.6263326150099,53.6263326150099,1.39762706900862,50.886983559753,56.3656816702668,GP fitted to digitized manufacturer curve
169,17.6976386152225,53.2890457805381,53.2890457805381,1.04172555063396,51.2472637012955,55.3308278597807,GP fitted to digitized manufacturer curve
169.5,17.7499984927823,52.9537850594458,52.9537850594458,0.574538596386515,51.8276894105283,54.0798807083634,GP fitted to digitized manufacturer curve
169.977,17.7999498159744,52.6360354607268,52.6360354607268,0.169671059186129,52.303480184722,52.9685907367317,GP fitted to digitized manufacturer curve
170,17.8023583703422,52.6207694995311,52.6207694995311,0.171990987123139,52.2836671647698,52.9578718342925,GP fitted to digitized manufacturer curve
170.5,17.854718247902,52.2901293760126,52.2901293760126,0.620520538888694,51.0739091197907,53.5063496322344,GP fitted to digitized manufacturer curve
171,17.9070781254618,51.9615985799759,51.9615985799759,1.07756370637093,49.8495737154888,54.0736234444629,GP fitted to digitized manufacturer curve
171.5,17.9594380030216,51.6348530300568,51.6348530300568,1.41985840399751,48.8519305582217,54.417775501892,GP fitted to digitized manufacturer curve
172,18.0117978805815,51.309604608034,51.309604608034,1.62903439523458,48.1166971933742,54.5025120226937,GP fitted to digitized manufacturer curve
172.5,18.0641577581413,50.9856009822415,50.9856009822415,1.69663547573099,47.6601954498087,54.3110065146742,GP fitted to digitized manufacturer curve
173,18.1165176357011,50.6626255261708,50.6626255261708,1.62046300037763,47.4865180454307,53.838733006911,GP fitted to digitized manufacturer curve
173.5,18.168877513261,50.3404973324501,50.3404973324501,1.40409895253323,47.588463385485,53.0925312794153,GP fitted to digitized manufacturer curve
174,18.2212373908208,50.0190713227134,50.0190713227134,1.05752123335904,47.9463297053297,52.0918129400971,GP fitted to digitized manufacturer curve
174.5,18.2735972683806,49.6982384539224,49.6982384539224,0.601121143155526,48.5200410133375,50.8764358945072,GP fitted to digitized manufacturer curve
175,18.3259571459405,49.3779260220722,49.3779260220722,0.170303327199239,49.0441315007617,49.7117205433827,GP fitted to digitized manufacturer curve
175.012,18.3272137830019,49.3702445457972,49.3702445457972,0.169665066602549,49.0377010152562,49.7027880763382,GP fitted to digitized manufacturer curve
175.5,18.3783170235003,49.0574023933404,49.0574023933404,0.56796973490895,47.9441817129189,50.1706230737619,GP fitted to digitized manufacturer curve
176,18.4306769010601,48.7329803462937,48.7329803462937,1.0028453092269,46.7674035402089,50.6985571523784,GP fitted to digitized manufacturer curve
176.5,18.4830367786199,48.4001950939559,48.4001950939559,1.31603343327295,45.8207695647409,50.9796206231708,GP fitted to digitized manufacturer curve
177,18.5353966561798,48.0545960695522,48.0545960695522,1.49099707159044,45.1322418092349,50.9769503298694,GP fitted to digitized manufacturer curve
177.5,18.5877565337396,47.6917353769127,47.6917353769127,1.52372993720243,44.7052246999959,50.6782460538294,GP fitted to digitized manufacturer curve
178,18.6401164112994,47.3071562618829,47.3071562618829,1.41890363604569,44.5261051352333,50.0882073885324,GP fitted to digitized manufacturer curve
178.5,18.6924762888593,46.8963815917695,46.8963815917695,1.19020464687828,44.5635804838881,49.2291826996509,GP fitted to digitized manufacturer curve
179,18.7448361664191,46.4549023197537,46.4549023197537,0.862716552803547,44.7639778762588,48.1458267632487,GP fitted to digitized manufacturer curve
179.5,18.7971960439789,45.9781659109661,45.9781659109661,0.480964986741138,45.0354745369535,46.9208572849788,GP fitted to digitized manufacturer curve
180,18.8495559215388,45.4615647070658,45.4615647070658,0.176168461555061,45.1162745224179,45.8068548917137,GP fitted to digitized manufacturer curve
180.047,18.8544777500294,45.4107872617714,45.4107872617714,0.168820676207301,45.0798987364051,45.7416757871378,GP fitted to digitized manufacturer curve
180.5,18.9019157990986,44.9100101611311,44.9100101611311,0.217392474838014,44.4839209104486,45.3360994118136,GP fitted to digitized manufacturer curve
180.984,18.9526001605765,44.3952007051662,44.3952007051662,0.166801587586127,44.0682695934974,44.722131816835,GP fitted to digitized manufacturer curve
181,18.9542756766584,44.3792767774878,44.3792767774878,0.167025965306976,44.0519058854861,44.7066476694895,GP fitted to digitized manufacturer curve
181.5,19.0066355542182,43.9044110464642,43.9044110464642,0.226820027837035,43.4598437919036,44.3489783010248,GP fitted to digitized manufacturer curve
182,19.0589954317781,43.3837679700121,43.3837679700121,0.16761402124638,43.0552444883692,43.712291451655,GP fitted to digitized manufacturer curve
182.037,19.0628700627175,43.3397746155954,43.3397746155954,0.166216543282582,43.0139901907615,43.6655590404292,GP fitted to digitized manufacturer curve
182.5,19.1113553093379,42.7142393016186,42.7142393016186,0.20975859921433,42.3031124471585,43.1253661560787,GP fitted to digitized manufacturer curve
182.974,19.1609924732646,41.9821440565412,41.9821440565412,0.166205232501283,41.6563818008387,42.3079063122437,GP fitted to digitized manufacturer curve
183,19.1637151868977,41.9408209689473,41.9408209689473,0.166971812605571,41.6135562162404,42.2680857216542,GP fitted to digitized manufacturer curve
183.5,19.2160750644576,41.1362382893,41.1362382893,0.226851367756875,40.6916096084965,41.5808669701034,GP fitted to digitized manufacturer curve
184,19.2684349420174,40.3104767509435,40.3104767509435,0.1670727460334,39.9830141687181,40.637939333169,GP fitted to digitized manufacturer curve
184.028,19.2713670951607,40.2635384190977,40.2635384190977,0.166205121366627,39.9377763812191,40.5893004569763,GP fitted to digitized manufacturer curve
184.5,19.3207948195772,39.445849617394,39.445849617394,0.209766126425795,39.0347080095994,39.8569912251886,GP fitted to digitized manufacturer curve
184.965,19.3694895057079,38.5325861866961,38.5325861866961,0.166205115813791,38.2068241597011,38.8583482136912,GP fitted to digitized manufacturer curve
185,19.3731546971371,38.4571377156203,38.4571377156203,0.167471137533881,38.1288942860539,38.7853811451867,GP fitted to digitized manufacturer curve
185.5,19.4255145746969,37.2629074693713,37.2629074693713,0.226825779766044,36.8183289410298,37.7074859977127,GP fitted to digitized manufacturer curve
186,19.4778744522567,35.8591705427686,35.8591705427686,0.166663864889133,35.5325093675859,36.1858317179513,GP fitted to digitized manufacturer curve
186.019,19.479864127604,35.8018493971641,35.8018493971641,0.166204791504733,35.4760880058148,36.1276107885134,GP fitted to digitized manufacturer curve
186.5,19.5302343298165,34.2194823530292,34.2194823530292,0.209706641276335,33.8084573361276,34.6305073699309,GP fitted to digitized manufacturer curve
186.956,19.5779865381511,32.3535545390188,32.3535545390188,0.166200140689673,32.0278022632671,32.6793068147706,GP fitted to digitized manufacturer curve
187,19.5825942073764,32.1476362456973,32.1476362456973,0.168072539124784,31.8182140690127,32.4770584223819,GP fitted to digitized manufacturer curve
187.5,19.6349540849362,29.3849436420783,29.3849436420783,0.226556978684688,28.9408919638563,29.8289953203003,GP fitted to digitized manufacturer curve
188,19.687313962496,25.6278628507784,25.6278628507784,0.166285833937583,25.3019426162608,25.9537830852961,GP fitted to digitized manufacturer curve
188.009,19.6882564402921,25.549191709527,25.549191709527,0.166131762171274,25.2235734556713,25.8748099633826,GP fitted to digitized manufacturer curve
188.5,19.7396738400559,20.839561684027,20.839561684027,0.20896319055042,20.4299938305481,21.2491295375058,GP fitted to digitized manufacturer curve
188.946,19.7863788508392,16.6101938818772,16.6101938818772,0.165075829634652,16.2866452557933,16.9337425079611,GP fitted to digitized manufacturer curve
189,19.7920337176157,16.1523909089322,16.1523909089322,0.166273236431252,15.826495365527,16.4782864523375,GP fitted to digitized manufacturer curve
189.5,19.8443935951755,12.6882255971072,12.6882255971072,0.186556966007371,12.3225739437327,13.0538772504816,GP fitted to digitized manufacturer curve
189.766,19.8722490500374,11.4216009960326,11.4216009960326,0.165447927604035,11.0973230579287,11.7458789341365,GP fitted to digitized manufacturer curve
190,19.8967534727354,10.6284871657651,10.6284871657651,0.194926472931841,10.2464312788187,11.0105430527116,GP guided toward manufacturer no-load anchor
190.5,19.9491133502952,9.5982414214077,9.5982414214077,0.203614079582278,9.19915782542644,9.99732501738896,GP guided toward manufacturer no-load anchor
191,20.001473227855,8.81092733265195,8.81092733265195,0.191101517053644,8.43636835922681,9.18548630607709,GP guided toward manufacturer no-load anchor
191.5,20.0538331054148,7.88328950393976,7.88328950393976,0.207545098950519,7.47650110999675,8.29007789788278,GP guided toward manufacturer no-load anchor
192,20.1061929829747,6.95103971391797,6.95103971391797,0.187094104330234,6.58433526943071,7.31774415840523,GP guided toward manufacturer no-load anchor
192.5,20.1585528605345,6.10351347637583,6.10351347637583,0.210738770683382,5.6904654858364,6.51656146691526,GP guided toward manufacturer no-load anchor
193,20.2109127380943,5.32155550671379,5.32155550671379,0.183160465623824,4.9625609940911,5.68055001933649,GP guided toward manufacturer no-load anchor
193.5,20.2632726156542,4.58956580668664,4.58956580668664,0.213603972844731,4.17090201991097,5.00822959346232,GP guided toward manufacturer no-load anchor
194,20.315632493214,3.90997602845982,3.90997602845982,0.179395246403195,3.55836134550956,4.26159071141008,GP guided toward manufacturer no-load anchor
194.5,20.3679923707738,3.28530018691772,3.28530018691772,0.216118460243239,2.86170800484097,3.70889236899447,GP guided toward manufacturer no-load anchor
195,20.4203522483337,2.71521082783254,2.71521082783254,0.1759016209715,2.3704436507284,3.05997800493668,GP guided toward manufacturer no-load anchor
195.5,20.4727121258935,2.19936465121236,2.19936465121236,0.218254510231738,1.77158581115816,2.62714349126657,GP guided toward manufacturer no-load anchor
196,20.5250720034533,1.73775984771088,1.73775984771088,0.172790038891838,1.39909137148287,2.07642832393888,GP guided toward manufacturer no-load anchor
196.5,20.5774318810131,1.33048902046851,1.33048902046851,0.219989091612649,0.899310400907714,1.7616676400293,GP guided toward manufacturer no-load anchor
197,20.629791758573,0.977486183237659,0.977486183237659,0.170170550342553,0.643951904566255,1.31102046190906,GP guided toward manufacturer no-load anchor
197.5,20.6821516361328,0.678806196270813,0.678806196270813,0.221281825764708,0.245093817771986,1.11251857476964,GP guided toward manufacturer no-load anchor
198,20.7345115136926,0.434533979324826,0.434533979324826,0.167973006324423,0.105306886928957,0.763761071720694,GP guided toward manufacturer no-load anchor
198.5,20.7868713912525,0.24465733339008,0.24465733339008,0.220937563112578,0,0.677694957090734,GP guided toward manufacturer no-load anchor
199,20.8392312688123,0.108431676880414,0.108431676880414,0.161017646082009,0,0.424026263201151,GP guided toward manufacturer no-load anchor
199.5,20.8915911463721,0.0256499434850213,0.0256499434850213,0.152523957868991,0,0.324596900908243,GP guided toward manufacturer no-load anchor
200,20.943951023932,0,0.00299355622438213,0.159903264897388,0,0.316403955423262,Manufacturer no-load anchor
